-- Database Design Course Project
--
-- Hamidreza Mahdavipanah
-- Pegah Hajian
-- Narges Heydarzadeh

-- airline table rows
INSERT INTO airline VALUES ('100', 'Fly Emirates', '00968965215788', 'Dubai, United arab emirates');
INSERT INTO airline VALUES ('200', 'Turkish Air', '00975589658755', 'Istanbul, Turkey');
INSERT INTO airline VALUES ('300', 'Mahan Air', '00987895478522', 'Tehran, Iran');
INSERT INTO airline VALUES ('400', 'Qatar Airways', '00956895247863', 'Doha, Qatar');
-- aircraft table rows
INSERT INTO aircraft VALUES ('0056', '100', 'boeing 747', '50000', '1500');
INSERT INTO aircraft VALUES ('0057', '100', 'boeing 747', '50000', '1500');
INSERT INTO aircraft VALUES ('6628', '200', 'boeing 747', '50000', '1500');
INSERT INTO aircraft VALUES ('9945', '300', 'Airbus A300', '10000', '400');
INSERT INTO aircraft VALUES ('9946', '300', 'Airbus A300', '10000', '400');
INSERT INTO aircraft VALUES ('9955', '300', 'Fokker 100', '5000', '50');
INSERT INTO aircraft VALUES ('6690', '200', 'Fokker 100', '5000', '50');
INSERT INTO aircraft VALUES ('0010', '100', 'Douglas DC-3', '40000', '600');
INSERT INTO aircraft VALUES ('0011', '100', 'Douglas DC-3', '40000', '600');
INSERT INTO aircraft VALUES ('6650', '200', 'Douglas DC-3', '40000', '600');
INSERT INTO aircraft VALUES ('6651', '200', 'Douglas DC-3', '40000', '600');
INSERT INTO aircraft VALUES ('8857', '400', 'boeing 747', '50000', '1500');
INSERT INTO aircraft VALUES ('8846', '400', 'Airbus A300', '10000', '400');
INSERT INTO aircraft VALUES ('8850', '400', 'Douglas DC-3', '40000', '600');
INSERT INTO aircraft VALUES ('8880', '400', 'Airbus A320', '30000', '540');
INSERT INTO aircraft VALUES ('0078', '100', 'Airbus A320', '30000', '540');
INSERT INTO aircraft VALUES ('0079', '100', 'Airbus A320', '30000', '540');
INSERT INTO aircraft VALUES ('8881', '400', 'Airbus A320', '30000', '540');
INSERT INTO aircraft VALUES ('9943', '300', 'Antonov An-225 Mriya', '5000', '356');
INSERT INTO aircraft VALUES ('9944', '300', 'Antonov An-225 Mriya', '5000', '356');
INSERT INTO aircraft VALUES ('8876', '400', 'Antonov An-225 Mriya', '5000', '356');
INSERT INTO aircraft VALUES ('6675', '200', 'Antonov An-225 Mriya', '5000', '356');
-- refuel table rows
INSERT INTO refuel VALUES ('400', '2016-05-22 19:02:07.113971+04:30', '9955');
INSERT INTO refuel VALUES ('369', '2015-03-11 21:02:07.113971+04:30', '9955');
INSERT INTO refuel VALUES ('1000', '2011-04-18 11:43:07.113971+04:30', '0056');
INSERT INTO refuel VALUES ('1000', '2013-04-28 09:43:07.113971+04:30', '0056');
INSERT INTO refuel VALUES ('534', '2012-04-28 12:19:07.113971+04:30', '0011');
INSERT INTO refuel VALUES ('343', '2015-07-13 11:43:07.113971+04:30', '6650');
INSERT INTO refuel VALUES ('164', '2015-07-13 12:32:07.113971+04:30', '6675');
INSERT INTO refuel VALUES ('456', '2016-09-15 14:37:09.113971+04:30', '8881');
INSERT INTO refuel VALUES ('987', '2016-09-15 08:28:09.113971+04:30', '8846');
INSERT INTO refuel VALUES ('534', '2013-04-23 12:43:07.113971+04:30', '0011');
INSERT INTO refuel VALUES ('534', '2016-04-13 12:43:07.113971+04:30', '0011');
INSERT INTO refuel VALUES ('1000', '2012-04-13 12:34:07.113971+04:30', '9943');
INSERT INTO refuel VALUES ('512', '2013-04-17 12:41:07.113971+04:30', '0079');
INSERT INTO refuel VALUES ('434', '2014-07-21 12:23:07.113971+04:30', '6675');
INSERT INTO refuel VALUES ('2345', '2016-07-27 12:32:07.113971+04:30', '0010');
INSERT INTO refuel VALUES ('369', '2015-03-11 23:02:07.113971+04:30', '9943');
INSERT INTO refuel VALUES ('534', '2012-04-18 22:51:07.113971+04:30', '9946');
INSERT INTO refuel VALUES ('434', '2015-04-18 20:43:07.113971+04:30', '9955');
INSERT INTO refuel VALUES ('657', '2016-04-19 12:23:07.113971+04:30', '6628');
INSERT INTO refuel VALUES ('461', '2011-07-20 19:43:07.113971+04:30', '8876');
INSERT INTO refuel VALUES ('347', '2015-07-24 12:53:07.113971+04:30', '0079');
INSERT INTO refuel VALUES ('1534', '2015-09-14 14:12:09.113971+04:30', '6690');
INSERT INTO refuel VALUES ('545', '2016-09-15 14:43:09.113971+04:30', '0010');
-- pilot table rows
INSERT INTO pilot VALUES ('1001', 'Mohammad', 'Motaghedi');
INSERT INTO pilot VALUES ('2001', 'Jafar', 'Shayesteh');
INSERT INTO pilot VALUES ('3001', 'Hossein', 'Hasani');
INSERT INTO pilot VALUES ('4001', 'Shervin', 'Khosravi');
INSERT INTO pilot VALUES ('5001', 'James', 'Eliot');
INSERT INTO pilot VALUES ('6001', 'John', 'Lemon');
-- fly table rows
INSERT INTO fly VALUES ('0056', '2016-09-15 15:43:09.113971+04:30', '1001', 'Tehran', 'Dubai', '150', '10');
INSERT INTO fly VALUES ('0057', '2016-08-15 18:43:09.113971+04:30', '2001', 'Abuzabi', 'Shiraz', '200', '3');
INSERT INTO fly VALUES ('6628', '2015-01-13 13:53:09.113971+04:30', '3001', 'Paris', 'Esfahan', '400', '20');
INSERT INTO fly VALUES ('9945', '2014-02-14 18:43:09.113971+04:30', '6001', 'New York', 'London', '300', '2');
INSERT INTO fly VALUES ('9946', '2016-07-27 21:34:07.113971+04:30', '5001', 'Dubai', 'Duha', '346', '10');
INSERT INTO fly VALUES ('9955', '2015-03-14 18:43:09.113971+04:30', '4001', 'Dubai', 'London', '312', '8');
INSERT INTO fly VALUES ('6690', '2012-04-15 23:43:09.113971+04:30', '2001', 'Los Angeles', 'London', '615', '0');
INSERT INTO fly VALUES ('0010', '2011-03-16 15:24:14.113971+04:30', '3001', 'London', 'Amesterdam', '148', '12');
INSERT INTO fly VALUES ('0011', '2015-03-15 11:23:09.113971+04:30', '5001', 'Tehran', 'Mashhad', '120', '20');
INSERT INTO fly VALUES ('6650', '2013-11-11 11:23:09.113971+04:30', '4001', 'Tehran', 'Shiraz', '118', '14');
INSERT INTO fly VALUES ('6651', '2011-05-12 11:23:09.113971+04:30', '2001', 'Johnesberg', 'Sydney', '300', '7');
INSERT INTO fly VALUES ('6651', '2011-02-11 11:23:09.113971+04:30', '3001', 'Sydney', 'Tehran', '323', '43');
INSERT INTO fly VALUES ('0078', '2014-02-13 11:23:09.113971+04:30', '5001', 'Washengton', 'London', '400', '18');
INSERT INTO fly VALUES ('0079', '2011-09-11 11:23:09.113971+04:30', '1001', 'Paris', 'Esfahan', '500', '26');
INSERT INTO fly VALUES ('0079', '2013-09-11 11:23:09.113971+04:30', '2001', 'Sydney', 'London', '500', '26');
-- duty table rows
INSERT INTO duty VALUES ('Flight engineer', '2');
INSERT INTO duty VALUES ('Co-Pilot', '1');
INSERT INTO duty VALUES ('Flight attendant', '4');
INSERT INTO duty VALUES ('Chief flight attendant', '3');
-- crew table rows
INSERT INTO crew VALUES ('1', 'Co-Pilot', 'Alex', 'Monik');
INSERT INTO crew VALUES ('2', 'Co-Pilot', 'John', 'Shirek');
INSERT INTO crew VALUES ('3', 'Co-Pilot', 'Hamid', 'Fathi');
INSERT INTO crew VALUES ('11', 'Flight engineer', 'Alireza', 'Shakoori');
INSERT INTO crew VALUES ('12', 'Flight engineer', 'Sobhan', 'Khaleghi');
INSERT INTO crew VALUES ('13', 'Flight engineer', 'Ghasem', 'Sadati');
INSERT INTO crew VALUES ('21', 'Chief flight attendant', 'Iraj', 'Tahmasb');
INSERT INTO crew VALUES ('22', 'Chief flight attendant', 'Sara', 'Nasehi');
INSERT INTO crew VALUES ('23', 'Chief flight attendant', 'Faeze', 'Khaleghi');
INSERT INTO crew VALUES ('31', 'Flight attendant', 'Hossein', 'Sheibani');
INSERT INTO crew VALUES ('32', 'Flight attendant', 'Mohammad', 'Lamea');
INSERT INTO crew VALUES ('33', 'Flight attendant', 'Hamed', 'Zamani');
INSERT INTO crew VALUES ('34', 'Flight attendant', 'Mitra', 'Soboohi');
INSERT INTO crew VALUES ('35', 'Flight attendant', 'Maryam', 'Mosaffa');
INSERT INTO crew VALUES ('36', 'Flight attendant', 'Sahar', 'Pirnia');
INSERT INTO crew VALUES ('37', 'Flight attendant', 'Masoome', 'Nejati');
INSERT INTO crew VALUES ('38', 'Flight attendant', 'Zeinab', 'Kalani');
INSERT INTO crew VALUES ('39', 'Flight attendant', 'Marzieh', 'Hossein Poor');
-- crew_fly table rows
INSERT INTO crew_fly VALUES ('2', '0056', '2016-09-15 15:43:09.113971+04:30');
INSERT INTO crew_fly VALUES ('11', '0056', '2016-09-15 15:43:09.113971+04:30');
INSERT INTO crew_fly VALUES ('21', '0056', '2016-09-15 15:43:09.113971+04:30');
INSERT INTO crew_fly VALUES ('31', '0056', '2016-09-15 15:43:09.113971+04:30');
INSERT INTO crew_fly VALUES ('32', '0056', '2016-09-15 15:43:09.113971+04:30');
INSERT INTO crew_fly VALUES ('1', '0057', '2016-08-15 18:43:09.113971+04:30');
INSERT INTO crew_fly VALUES ('13', '0057', '2016-08-15 18:43:09.113971+04:30');
INSERT INTO crew_fly VALUES ('22', '0057', '2016-08-15 18:43:09.113971+04:30');
INSERT INTO crew_fly VALUES ('37', '0057', '2016-08-15 18:43:09.113971+04:30');
INSERT INTO crew_fly VALUES ('38', '0057', '2016-08-15 18:43:09.113971+04:30');
INSERT INTO crew_fly VALUES ('39', '0057', '2016-08-15 18:43:09.113971+04:30');
INSERT INTO crew_fly VALUES ('3', '6628', '2015-01-13 13:53:09.113971+04:30');
INSERT INTO crew_fly VALUES ('12', '6628', '2015-01-13 13:53:09.113971+04:30');
INSERT INTO crew_fly VALUES ('23', '6628', '2015-01-13 13:53:09.113971+04:30');
INSERT INTO crew_fly VALUES ('35', '6628', '2015-01-13 13:53:09.113971+04:30');
INSERT INTO crew_fly VALUES ('36', '6628', '2015-01-13 13:53:09.113971+04:30');
INSERT INTO crew_fly VALUES ('2', '9946', '2016-07-27 21:34:07.113971+04:30');
INSERT INTO crew_fly VALUES ('11', '9946', '2016-07-27 21:34:07.113971+04:30');
INSERT INTO crew_fly VALUES ('31', '9946', '2016-07-27 21:34:07.113971+04:30');
INSERT INTO crew_fly VALUES ('32', '9946', '2016-07-27 21:34:07.113971+04:30');
INSERT INTO crew_fly VALUES ('33', '9946', '2016-07-27 21:34:07.113971+04:30');
INSERT INTO crew_fly VALUES ('1', '9955', '2015-03-14 18:43:09.113971+04:30');
INSERT INTO crew_fly VALUES ('11', '9955', '2015-03-14 18:43:09.113971+04:30');
INSERT INTO crew_fly VALUES ('34', '9955', '2015-03-14 18:43:09.113971+04:30');
INSERT INTO crew_fly VALUES ('31', '9955', '2015-03-14 18:43:09.113971+04:30');
INSERT INTO crew_fly VALUES ('39', '9955', '2015-03-14 18:43:09.113971+04:30');
INSERT INTO crew_fly VALUES ('2', '6690', '2012-04-15 23:43:09.113971+04:30');
INSERT INTO crew_fly VALUES ('13', '6690', '2012-04-15 23:43:09.113971+04:30');
INSERT INTO crew_fly VALUES ('35', '6690', '2012-04-15 23:43:09.113971+04:30');
INSERT INTO crew_fly VALUES ('36' ,'6690', '2012-04-15 23:43:09.113971+04:30');
INSERT INTO crew_fly VALUES ('37', '6690', '2012-04-15 23:43:09.113971+04:30');
INSERT INTO crew_fly VALUES ('1', '6651', '2011-05-12 11:23:09.113971+04:30');
INSERT INTO crew_fly VALUES ('11', '6651', '2011-02-11 11:23:09.113971+04:30');
INSERT INTO crew_fly VALUES ('2', '6651', '2011-02-11 11:23:09.113971+04:30');
INSERT INTO crew_fly VALUES ('32', '6651', '2011-02-11 11:23:09.113971+04:30');
INSERT INTO crew_fly VALUES ('33', '6651', '2011-02-11 11:23:09.113971+04:30');
INSERT INTO crew_fly VALUES ('39', '0078', '2014-02-13 11:23:09.113971+04:30');
INSERT INTO crew_fly VALUES ('36', '6651', '2011-02-11 11:23:09.113971+04:30');
INSERT INTO crew_fly VALUES ('35', '6651', '2011-02-11 11:23:09.113971+04:30');
INSERT INTO crew_fly VALUES ('3', '0079', '2011-09-11 11:23:09.113971+04:30');
INSERT INTO crew_fly VALUES ('12', '0079', '2011-09-11 11:23:09.113971+04:30');
INSERT INTO crew_fly VALUES ('39', '0079', '2011-09-11 11:23:09.113971+04:30');
INSERT INTO crew_fly VALUES ('37', '0079', '2011-09-11 11:23:09.113971+04:30');
-- passenger table rows
INSERT INTO passenger VALUES ('10', 'Hamidreza', 'Mahdavipanah', '00989368754799');
INSERT INTO passenger VALUES ('11', 'Pegah', 'Hajian', '00989018745722');
INSERT INTO passenger VALUES ('12', 'Narges', 'Heydarzadeh', '00987895478522');
INSERT INTO passenger VALUES ('20', 'Vahid', 'Khorram', '00989586745822');
INSERT INTO passenger VALUES ('21', 'Ali', 'Yeganeh', '00988795784155');
INSERT INTO passenger VALUES ('22', 'Mohammad', 'Ghadirzadeh', '0098957682345');
INSERT INTO passenger VALUES ('30', 'Alireza', 'Khadem', '0098967895127');
INSERT INTO passenger VALUES ('31', 'Majid', 'Izadi', '00986935267844');
INSERT INTO passenger VALUES ('32', 'Pooria', 'Esmaeilie', '00986957239184');
-- travel_class table rows
INSERT INTO travel_class VALUES ('VIP', '0');
INSERT INTO travel_class VALUES ('Business', '1');
INSERT INTO travel_class VALUES ('First class', '2');
-- ticket table rows
INSERT INTO ticket VALUES ('10', '0056', '2016-09-15 15:43:09.113971+04:30', '1', 'VIP', '1000');
INSERT INTO ticket VALUES ('32', '0056', '2016-09-15 15:43:09.113971+04:30', '4', 'VIP', '1000');
INSERT INTO ticket VALUES ('12', '0056', '2016-09-15 15:43:09.113971+04:30', '6', 'VIP', '1000');
INSERT INTO ticket VALUES ('20', '0056', '2016-09-15 15:43:09.113971+04:30', '8', 'VIP', '700');
INSERT INTO ticket VALUES ('12', '0057', '2016-08-15 18:43:09.113971+04:30', '3', 'Business', '500');
INSERT INTO ticket VALUES ('30', '0057', '2016-08-15 18:43:09.113971+04:30', '2', 'Business', '500');
INSERT INTO ticket VALUES ('22', '0057', '2016-08-15 18:43:09.113971+04:30', '1', 'Business', '500');
INSERT INTO ticket VALUES ('31', '0057', '2016-08-15 18:43:09.113971+04:30', '11', 'VIP', '1500');
INSERT INTO ticket VALUES ('32', '0057', '2016-08-15 18:43:09.113971+04:30', '12', 'First class', '300');
INSERT INTO ticket VALUES ('11', '0057', '2016-08-15 18:43:09.113971+04:30', '20', 'First class', '300');
INSERT INTO ticket VALUES ('30', '6628', '2015-01-13 13:53:09.113971+04:30', '1', 'VIP', '2000');
INSERT INTO ticket VALUES ('31', '6628', '2015-01-13 13:53:09.113971+04:30', '10', 'VIP', '2000');
INSERT INTO ticket VALUES ('20', '9945', '2014-02-14 18:43:09.113971+04:30', '11', 'Business', '1000');
INSERT INTO ticket VALUES ('21', '9945', '2014-02-14 18:43:09.113971+04:30', '21', 'Business', '1000');
INSERT INTO ticket VALUES ('22', '9945', '2014-02-14 18:43:09.113971+04:30', '10', 'First class', '700');
INSERT INTO ticket VALUES ('11', '9946', '2016-07-27 21:34:07.113971+04:30', '90', 'VIP', '3000');
INSERT INTO ticket VALUES ('21', '9946', '2016-07-27 21:34:07.113971+04:30', '50', 'VIP', '3000');
INSERT INTO ticket VALUES ('20', '9955', '2015-03-14 18:43:09.113971+04:30', '1', 'VIP', '6000');
INSERT INTO ticket VALUES ('10', '6690', '2012-04-15 23:43:09.113971+04:30', '10', 'Business', '1000');
INSERT INTO ticket VALUES ('20', '6690', '2012-04-15 23:43:09.113971+04:30', '75', 'Business', '1000');
INSERT INTO ticket VALUES ('21', '6690', '2012-04-15 23:43:09.113971+04:30', '83', 'VIP', '2000');
INSERT INTO ticket VALUES ('22', '6690', '2012-04-15 23:43:09.113971+04:30', '92', 'VIP', '2000');
INSERT INTO ticket VALUES ('30', '0010', '2011-03-16 15:24:14.113971+04:30', '30', 'First class', '1000');
INSERT INTO ticket VALUES ('31', '0010', '2011-03-16 15:24:14.113971+04:30', '52', 'Business', '1500');
INSERT INTO ticket VALUES ('32', '0010', '2011-03-16 15:24:14.113971+04:30', '18', 'Business', '1500');
INSERT INTO ticket VALUES ('12', '0011', '2015-03-15 11:23:09.113971+04:30', '100', 'VIP', '650');
INSERT INTO ticket VALUES ('11', '6650', '2013-11-11 11:23:09.113971+04:30', '11', 'VIP', '1350');
INSERT INTO ticket VALUES ('31', '6650', '2013-11-11 11:23:09.113971+04:30', '54', 'VIP', '1350');
INSERT INTO ticket VALUES ('21', '6651', '2011-05-12 11:23:09.113971+04:30', '43', 'VIP', '3000');
INSERT INTO ticket VALUES ('11', '6651', '2011-05-12 11:23:09.113971+04:30', '11', 'Business', '1000');
INSERT INTO ticket VALUES ('20', '6651', '2011-02-11 11:23:09.113971+04:30', '45', 'First class', '1000');
INSERT INTO ticket VALUES ('30', '0078', '2014-02-13 11:23:09.113971+04:30', '43', 'Business', '1000');
INSERT INTO ticket VALUES ('10', '0078', '2014-02-13 11:23:09.113971+04:30', '32', 'Business', '1000');
INSERT INTO ticket VALUES ('20', '0078', '2014-02-13 11:23:09.113971+04:30', '65', 'VIP', '3000');
INSERT INTO ticket VALUES ('21', '0079', '2011-09-11 11:23:09.113971+04:30', '13', 'First class', '1000');
